ticker,name,market,sector,breakout_date,breakout_price,current_price,current_return,return_5d,return_10d,return_21d,return_42d,return_63d,return_84d,return_126d
1822.T,大豊建設,Standard,建設業,2026-02-27,895.0,786.0,-12.18,-4.47,-6.82,-13.97,-17.21,-19.55,-13.63,-7.37
2784.T,アルフレッサ　ホールディングス,Prime,卸売業,2026-02-27,2679.0,2239.5,-16.41,-5.86,-10.92,-5.64,-11.7,-18.07,-19.09,-13.01
3482.T,ロードスターキャピタル,Prime,不動産業,2026-02-27,3785.0,2449.0,-35.3,-4.49,-12.95,-25.68,-20.08,-27.56,-30.67,-32.87
4091.T,日本酸素ホールディングス,Prime,化学,2026-02-27,5993.0,5558.0,-7.26,-3.77,-3.69,-7.68,-7.56,-5.24,4.29,-7.99
4189.T,ＫＨネオケム,Prime,化学,2026-02-27,3115.0,3460.0,11.08,-3.69,-9.73,-12.97,-11.72,-14.38,-6.16,9.15
5122.T,オカモト,Prime,ゴム製品,2026-02-27,6120.0,6130.0,0.16,-3.27,-4.08,-3.1,-8.17,-3.76,-12.42,2.45
5727.T,東邦チタニウム,Prime,,2026-02-27,2791.0,2811.0,0.72,1.65,1.36,-16.05,20.21,,,
6258.T,平田機工,Prime,機械,2026-02-27,3055.0,4070.0,33.22,-6.22,-14.86,-22.88,5.89,-7.23,0.49,11.29
7510.T,たけびし,Prime,卸売業,2026-02-27,2638.0,2905.0,10.12,-2.43,-7.09,-9.63,-16.22,-10.99,-13.34,3.87
7995.T,バルカー,Prime,化学,2026-02-27,5370.0,7380.0,37.43,-5.96,-12.2,-15.27,7.82,56.05,30.54,20.48
9104.T,商船三井,Prime,海運業,2026-02-27,5798.0,7058.0,21.73,2.76,5.48,12.04,2.36,-5.85,-11.68,21.39
9130.T,共栄タンカー,Standard,海運業,2026-02-27,1404.0,1611.0,14.74,2.71,85.11,48.29,18.95,-2.85,1.5,11.04
9980.T,ＭＲＫホールディングス,Standard,小売業,2026-02-27,136.0,90.0,-33.82,-3.68,-13.97,-21.32,-27.94,-27.21,-31.62,-30.15
3864.T,三菱製紙,Prime,パルプ・紙,2026-03-02,870.0,1230.0,41.38,-4.71,-3.91,-3.33,6.67,19.54,16.67,33.68
7570.T,橋本総業ホールディングス,Standard,卸売業,2026-03-02,1514.0,1357.0,-10.37,-7.66,-8.52,-9.18,-16.84,-12.88,-5.09,-6.94
7821.T,前田工繊,Prime,その他製品,2026-03-02,2179.0,1967.0,-9.73,-1.42,-6.29,-8.17,-15.83,-18.68,-15.33,-8.17
8133.T,伊藤忠エネクス,Prime,卸売業,2026-03-02,2106.0,2222.0,5.51,-5.89,-8.17,-3.04,-7.08,-8.26,-3.99,11.11
8173.T,上新電機,Prime,小売業,2026-03-02,2888.0,4255.0,47.33,-3.98,-3.98,-0.66,3.53,16.86,26.56,43.87
2321.T,ソフトフロントホールディングス,Growth,情報・通信業,2026-03-05,358.0,138.0,-61.45,6.98,-11.45,-42.18,-49.16,-61.17,-61.73,-61.17
5985.T,サンコール,Standard,金属製品,2026-03-05,1442.0,2877.0,99.51,58.11,37.52,-2.36,39.39,8.32,0.76,47.09
6961.T,エンプラス,Prime,電気機器,2026-03-05,15280.0,11770.0,-22.97,-1.11,-4.25,-15.71,-7.0,-15.84,-21.27,-36.26
3673.T,ブロードリーフ,Prime,情報・通信業,2026-03-06,829.0,465.0,-43.91,7.96,19.66,23.4,7.36,-1.33,-48.97,-46.32
378A.T,ヒット,Growth,サービス業,2026-03-11,2904.0,905.0,-68.84,-3.24,-11.02,-14.77,-15.43,-27.79,-62.78,-68.49
3989.T,シェアリングテクノロジー,Growth,情報・通信業,2026-03-11,1283.0,1547.0,20.58,-5.07,-4.29,-6.47,-13.95,-20.65,12.0,20.34
9101.T,日本郵船,Prime,海運業,2026-03-11,5720.0,7092.0,23.99,8.08,1.14,7.74,-3.88,-3.43,-3.74,28.27
6387.T,サムコ,Prime,機械,2026-03-16,7880.0,9500.0,20.56,2.16,3.43,23.48,38.32,92.77,26.78,-6.22
5290.T,ベルテクスコーポレーション,Standard,ガラス・土石製品,2026-03-18,2058.0,1250.0,-39.26,-0.15,-0.39,-5.2,-24.78,-35.67,-34.94,-39.16
9115.T,明海グループ,Standard,海運業,2026-03-18,1113.0,1001.0,-10.06,32.35,17.61,11.5,3.5,-31.81,-19.68,-4.76
7551.T,ウェッズ,Standard,輸送用機器,2026-04-01,768.0,650.0,-15.36,-6.12,-7.55,-7.94,-14.97,-10.55,-7.55,-15.36
8141.T,新光商事,Prime,卸売業,2026-04-01,1266.0,1566.0,23.7,9.64,12.09,31.75,25.12,25.36,24.72,23.7
1377.T,サカタのタネ,Prime,水産・農林業,2026-04-03,4555.0,4220.0,-7.35,-6.26,-7.46,-11.53,-8.23,-6.81,-4.39,
6963.T,ローム,Prime,電気機器,2026-04-03,3608.0,5375.0,48.97,1.19,2.91,8.07,33.45,48.59,27.49,
9347.T,日本管財ホールディングス,Prime,サービス業,2026-04-03,3025.0,2851.0,-5.75,-0.17,0.17,-5.02,-11.87,-9.79,-9.72,
4691.T,ワシントンホテル,Standard,サービス業,2026-04-08,1765.0,2000.0,13.31,4.65,22.89,32.41,10.42,44.08,27.2,
5659.T,日本精線,Prime,鉄鋼,2026-04-08,1438.0,1382.0,-3.89,0.0,2.57,-6.61,0.35,0.0,-2.78,
429A.T,テクセンドフォトマスク,Prime,その他製品,2026-04-15,3875.0,3975.0,2.58,-3.1,5.03,0.26,10.58,-8.26,-7.87,
6866.T,日置電機,Prime,電気機器,2026-04-17,10700.0,11570.0,8.13,-2.24,7.76,16.36,20.84,8.32,0.65,
2531.T,宝ホールディングス,Prime,食料品,2026-04-20,1874.5,2536.5,35.32,-6.48,-3.44,9.34,19.23,16.0,15.04,
3444.T,菊池製作所,Standard,金属製品,2026-04-20,1449.0,1127.0,-22.22,14.35,4.62,-16.15,-12.77,-31.54,-31.26,
3863.T,日本製紙,Prime,パルプ・紙,2026-04-20,1451.0,1268.0,-12.61,-10.27,0.0,-6.27,-17.85,9.58,-6.06,
7220.T,武蔵精密工業,Prime,輸送用機器,2026-04-22,4445.0,3090.0,-30.48,-3.37,17.21,68.73,-10.69,-32.06,-28.91,
278A.T,Ｔｅｒｒａ　Ｄｒｏｎｅ,Growth,精密機器,2026-05-01,10770.0,8140.0,-24.42,6.5,3.06,-25.26,-21.91,33.33,71.59,
5698.T,エンビプロ・ホールディングス,Standard,鉄鋼,2026-05-01,1164.0,706.0,-39.35,0.09,-26.12,-27.23,-30.67,-30.58,-35.82,
3436.T,ＳＵＭＣＯ,Prime,金属製品,2026-05-07,3033.0,3684.0,21.46,12.99,1.48,33.23,70.49,23.84,6.46,
6135.T,牧野フライス製作所,Prime,機械,2026-05-07,13650.0,3385.0,-75.2,2.27,-2.64,6.3,10.62,11.58,12.67,
6723.T,ルネサスエレクトロニクス,Prime,電気機器,2026-05-07,3623.0,3924.0,8.31,6.38,4.47,26.08,30.0,5.24,-8.86,
6861.T,キーエンス,Prime,電気機器,2026-05-07,79350.0,81560.0,2.79,-2.57,-3.01,-1.61,1.97,10.12,-2.05,
7981.T,タカラスタンダード,Prime,その他製品,2026-05-07,3210.0,3010.0,-6.23,-6.39,-9.78,-7.57,-2.96,-6.39,-3.12,
3107.T,ダイワボウホールディングス,Prime,卸売業,2026-05-08,3403.0,3624.0,6.49,1.38,2.41,2.88,1.29,9.76,9.52,
4392.T,ＦＩＧ,Prime,情報・通信業,2026-05-08,429.0,897.0,109.09,112.12,316.08,272.03,155.71,117.72,144.29,
6986.T,双葉電子工業,Prime,電気機器,2026-05-08,803.0,706.0,-12.08,-18.68,-22.29,-24.91,-27.77,-21.17,-2.62,
8704.T,トレイダーズホールディングス,Standard,証券、商品先物取引業,2026-05-08,1235.0,1370.0,10.93,-5.34,-7.77,-8.83,0.81,7.13,16.76,
186A.T,アストロスケールホールディングス,Growth,サービス業,2026-05-11,1779.0,1219.0,-31.48,6.35,51.55,3.77,-39.69,-32.27,-40.75,
3132.T,マクニカホールディングス,Prime,卸売業,2026-05-11,3070.0,4420.0,43.97,9.22,4.43,8.01,1.47,17.95,12.21,
4390.T,ＩＰＳ,Prime,情報・通信業,2026-05-11,3995.0,3435.0,-14.02,-5.63,-0.13,-4.51,-12.02,-9.64,3.25,
6448.T,ブラザー工業,Prime,電気機器,2026-05-11,3480.0,4703.0,35.14,0.89,3.74,11.9,5.55,31.06,27.87,
6929.T,日本セラミック,Prime,電気機器,2026-05-11,4155.0,3740.0,-9.99,-0.24,-0.96,-5.9,-10.71,-9.39,-13.12,
2674.T,ハードオフコーポレーション,Prime,小売業,2026-05-12,2329.0,2527.0,8.5,4.81,5.75,4.25,16.57,22.93,9.32,
4043.T,トクヤマ,Prime,化学,2026-05-12,4593.0,4184.0,-8.9,-5.57,6.49,1.37,-0.24,-13.93,-12.21,
6506.T,安川電機,Prime,電気機器,2026-05-12,6970.0,4946.0,-29.04,-9.07,4.63,-14.09,-2.21,-23.03,-35.39,
9906.T,藤井産業,Standard,卸売業,2026-05-12,4755.0,4055.0,-14.72,-18.4,-15.46,-23.34,-12.41,-12.41,-8.52,
4259.T,エクサウィザーズ,Growth,情報・通信業,2026-05-14,967.0,821.0,-15.1,22.85,26.06,-0.62,-12.41,-28.44,-15.82,
5301.T,東海カーボン,Prime,ガラス・土石製品,2026-05-14,1585.0,2376.0,49.91,3.12,7.67,14.64,1.61,14.35,25.39,
6845.T,アズビル,Prime,電気機器,2026-05-14,1545.5,1492.5,-3.43,1.29,6.28,-0.13,8.7,1.75,-7.02,
3106.T,倉敷紡績,Prime,繊維製品,2026-05-15,11550.0,2465.0,-78.66,-8.14,-11.0,-16.28,-16.28,-7.1,-6.58,
3156.T,レスター,Prime,卸売業,2026-05-15,3465.0,6310.0,82.11,2.45,17.32,30.01,7.65,59.02,48.34,
4980.T,デクセリアルズ,Prime,化学,2026-05-15,3849.0,3614.0,-6.11,6.34,4.91,11.33,2.13,-17.1,-26.16,
9336.T,大栄環境,Prime,サービス業,2026-05-15,4300.0,3705.0,-13.84,0.35,-8.49,-12.09,-11.74,-12.09,-11.86,
1979.T,大氣社,Prime,建設業,2026-05-19,4110.0,3820.0,-7.06,7.91,5.6,15.21,11.8,-0.97,-6.81,
2810.T,ハウス食品グループ本社,Prime,食料品,2026-05-19,3476.0,4031.0,15.97,-2.13,-1.47,1.7,11.42,7.74,14.7,
5363.T,東京窯業,Standard,ガラス・土石製品,2026-05-19,674.0,723.0,7.27,2.08,4.6,4.3,3.86,4.6,1.34,
7327.T,第四北越フィナンシャルグループ,Prime,銀行業,2026-05-19,2093.0,2717.0,29.81,0.05,-5.54,-1.24,11.71,22.07,25.37,
7419.T,ノジマ,Prime,小売業,2026-05-20,1399.0,1246.0,-10.94,3.93,11.08,4.43,-4.36,-8.51,-7.43,
2938.T,オカムラ食品工業,Standard,食料品,2026-05-21,1465.0,1229.0,-16.11,6.48,1.37,2.05,-16.59,-11.4,-11.13,
5901.T,東洋製罐グループホールディングス,Prime,金属製品,2026-05-21,4344.0,4437.0,2.14,-11.05,-12.64,-5.0,-5.16,-1.01,4.42,
6178.T,日本郵政,Prime,サービス業,2026-05-21,2134.0,2429.5,13.85,-4.9,0.54,4.99,13.33,8.43,18.44,
7180.T,九州フィナンシャルグループ,Prime,銀行業,2026-05-21,1452.5,1713.5,17.97,-4.65,-3.55,-0.9,6.85,3.13,15.52,
7182.T,ゆうちょ銀行,Prime,銀行業,2026-05-21,3193.0,3364.0,5.36,-7.28,1.0,-0.09,4.85,-2.29,2.22,
8346.T,東邦銀行,Prime,銀行業,2026-05-21,778.0,1124.0,44.47,-3.08,-4.37,-3.47,11.57,22.24,31.62,
8558.T,東和銀行,Prime,銀行業,2026-05-21,1287.0,1527.0,18.65,-2.8,4.27,11.11,8.08,14.14,17.72,
3905.T,データセクション,Growth,情報・通信業,2026-05-22,4800.0,1818.0,-62.12,27.92,2.08,4.79,-49.6,-61.67,-62.35,
8152.T,ソマール,Standard,卸売業,2026-05-22,8230.0,7380.0,-10.33,-2.79,-7.78,-10.33,-6.8,-10.69,-11.66,
8551.T,北日本銀行,Prime,銀行業,2026-05-22,5500.0,2940.0,-46.55,-1.09,-3.27,-4.0,18.0,36.18,52.36,
4973.T,日本高純度化学,Prime,化学,2026-05-28,5800.0,5050.0,-12.93,-5.17,-13.79,-2.76,-25.78,-17.41,-16.21,
9962.T,ミスミグループ本社,Prime,卸売業,2026-05-28,3635.0,4137.0,13.81,3.66,0.28,4.92,-4.84,0.88,6.16,
3687.T,フィックスターズ,Prime,情報・通信業,2026-05-29,2704.0,2241.0,-17.12,34.43,-18.2,-7.47,-26.96,-16.01,-15.2,
5384.T,フジミインコーポレーテッド,Prime,ガラス・土石製品,2026-05-29,3960.0,3705.0,-6.44,1.52,4.67,14.02,-10.23,-11.36,-9.22,
5970.T,ジーテクト,Prime,金属製品,2026-05-29,2212.0,2186.0,-1.18,-2.67,-6.42,-5.42,-1.9,5.2,0.99,
6864.T,エヌエフホールディングス,Standard,電気機器,2026-05-29,2043.0,1577.0,-22.81,16.5,-9.3,-11.06,-31.23,-22.27,-21.0,
6962.T,大真空,Prime,電気機器,2026-05-29,1019.0,900.0,-11.68,10.6,-1.28,-10.11,-32.19,-23.36,-13.15,
3101.T,東洋紡,Prime,化学,2026-06-01,1915.0,1665.0,-13.05,-9.87,-7.21,-16.61,-23.5,-12.58,-13.99,
6245.T,ヒラノテクシード,Standard,機械,2026-06-01,2506.0,1815.0,-27.57,-18.6,-27.85,-26.66,-37.15,-25.78,-29.33,
7537.T,丸文,Prime,卸売業,2026-06-01,1834.0,1925.0,4.96,-10.2,-9.87,-9.76,-11.23,3.33,2.62,
166A.T,タスキホールディングス,Growth,不動産業,2026-06-03,956.0,976.0,2.09,6.9,17.15,18.51,12.24,22.18,2.09,
2664.T,カワチ薬品,Prime,小売業,2026-06-03,3380.0,3755.0,11.09,0.74,4.14,-1.18,-2.66,6.95,11.24,
3774.T,インターネットイニシアティブ,Prime,情報・通信業,2026-06-03,3250.0,3500.0,7.69,-4.4,-9.03,1.88,8.34,-0.12,7.72,
7715.T,長野計器,Prime,精密機器,2026-06-03,3645.0,4510.0,23.73,3.16,17.7,18.66,5.21,5.9,23.18,
3915.T,テラスカイ,Prime,情報・通信業,2026-06-04,3485.0,2212.0,-36.53,-30.01,-28.03,-34.61,-37.62,-31.36,-36.53,
4095.T,日本パーカライジング,Prime,化学,2026-06-04,1630.0,1796.0,10.18,7.48,10.67,5.21,2.09,8.59,10.18,
4992.T,北興化学工業,Standard,化学,2026-06-04,1964.0,1974.0,0.51,-4.53,8.4,8.4,-4.02,0.66,0.51,
6340.T,澁谷工業,Prime,機械,2026-06-04,4225.0,5860.0,38.7,-7.46,-1.07,7.69,4.38,22.84,38.7,
6742.T,京三製作所,Prime,電気機器,2026-06-04,900.0,1179.0,31.0,3.78,10.67,2.22,5.56,7.78,31.0,
8084.T,ＲＹＯＤＥＮ,Prime,卸売業,2026-06-04,3930.0,2471.0,-37.12,-1.53,-0.13,2.04,13.49,22.14,-37.12,
2264.T,森永乳業,Prime,食料品,2026-06-08,5077.0,1061.0,-79.1,-2.88,-5.34,-74.24,-75.73,-77.92,,
3099.T,三越伊勢丹ホールディングス,Prime,小売業,2026-06-12,3755.0,1747.0,-53.48,3.09,9.69,6.1,-1.6,-16.09,,
4462.T,石原ケミカル,Prime,化学,2026-06-12,3175.0,3185.0,0.31,17.48,6.77,-5.73,4.57,-12.09,,
7186.T,横浜フィナンシャルグループ,Prime,銀行業,2026-06-12,1720.0,1882.0,9.42,1.77,-0.38,9.59,12.03,10.41,,
8316.T,三井住友フィナンシャルグループ,Prime,銀行業,2026-06-12,6406.0,3372.0,-47.36,1.19,-0.23,8.1,8.79,7.88,,
5981.T,東京製綱,Prime,金属製品,2026-06-16,2110.0,1838.0,-12.89,-5.97,-8.77,-4.74,-5.55,-12.37,,
6058.T,ベクトル,Prime,サービス業,2026-06-19,1626.0,1982.0,21.89,3.63,16.42,5.41,15.68,22.02,,
2962.T,テクニスコ,Standard,金属製品,2026-06-30,1990.0,2760.0,38.69,-28.44,-38.59,-44.22,-19.6,37.29,,
3989.T,シェアリングテクノロジー,Growth,情報・通信業,2026-06-30,1398.0,1547.0,10.66,0.29,2.79,-2.15,15.45,10.59,,
3276.T,ＪＰＭＣ,Prime,不動産業,2026-07-07,1403.0,2262.0,61.23,18.03,27.37,59.94,60.09,,,
4212.T,積水樹脂,Prime,化学,2026-07-08,2772.0,2908.0,4.91,-4.11,-3.14,5.3,5.3,,,
9651.T,日本プロセス,Standard,情報・通信業,2026-07-08,2014.0,1939.0,-3.72,-1.39,-3.18,4.02,-0.55,,,
9619.T,イチネンホールディングス,Prime,サービス業,2026-07-09,2299.0,2666.0,15.96,3.44,3.39,13.66,16.35,,,
8008.T,ヨンドシーホールディングス,Prime,小売業,2026-07-13,2109.0,2136.0,1.28,1.28,-3.84,-1.14,-2.42,,,
9861.T,吉野家ホールディングス,Prime,小売業,2026-07-13,3586.0,3728.0,3.96,-0.03,6.11,5.24,5.69,,,
7936.T,アシックス,Prime,その他製品,2026-07-16,4976.0,4450.0,-10.57,-3.68,-4.46,-1.59,-19.35,,,
7581.T,サイゼリヤ,Prime,小売業,2026-07-17,7600.0,6650.0,-12.5,0.79,3.03,-3.55,-14.61,,,
3087.T,ドトール・日レスホールディングス,Prime,小売業,2026-07-27,3210.0,3145.0,-2.02,-1.4,-2.49,5.92,-0.93,,,
5830.T,いよぎんホールディングス,Prime,銀行業,2026-07-27,3785.0,3821.0,0.95,-5.2,-1.9,3.83,2.62,,,
8011.T,三陽商会,Prime,繊維製品,2026-07-27,4845.0,1276.0,-73.66,1.03,8.77,12.28,-72.38,,,
9308.T,乾汽船,Standard,海運業,2026-07-27,1860.0,2240.0,20.43,3.01,9.25,13.12,32.42,,,
9449.T,ＧＭＯインターネットグループ,Prime,情報・通信業,2026-07-27,4120.0,3922.0,-4.81,0.75,1.87,-1.75,-4.81,,,
9997.T,ベルーナ,Prime,小売業,2026-07-27,1081.0,1020.0,-5.64,-7.86,-7.22,-0.28,-1.2,,,
2871.T,ニチレイ,Prime,食料品,2026-07-28,2280.5,2101.0,-7.87,-5.5,-4.76,-5.85,-6.58,,,
4722.T,フューチャー,Prime,情報・通信業,2026-07-30,2449.0,2427.0,-0.9,-0.12,-0.2,0.0,-0.94,,,
6349.T,小森コーポレーション,Prime,機械,2026-07-30,1932.0,1981.0,2.54,-0.88,-0.83,5.49,0.26,,,
8157.T,都築電気,Prime,情報・通信業,2026-07-30,4265.0,4210.0,-1.29,-5.04,-1.99,0.47,0.59,,,
3036.T,アルコニックス,Prime,卸売業,2026-08-06,3540.0,3305.0,-6.64,6.07,-3.11,-4.66,,,,
4206.T,アイカ工業,Prime,化学,2026-08-06,4045.0,4292.0,6.11,2.05,0.79,3.96,,,,
4635.T,東京インキ,Standard,化学,2026-08-06,1994.0,1982.0,-0.6,4.91,4.91,10.83,,,,
4997.T,日本農薬,Prime,化学,2026-08-06,1110.0,1081.0,-2.61,6.13,9.82,11.98,,,,
5480.T,日本冶金工業,Prime,鉄鋼,2026-08-06,5690.0,5260.0,-7.56,-3.69,-7.21,-4.39,,,,
6287.T,サトー,Prime,機械,2026-08-06,2589.0,2631.0,1.62,7.8,6.57,7.15,,,,
6333.T,ＴＥＩＫＯＫＵ,Prime,機械,2026-08-06,3515.0,3550.0,1.0,-8.68,-3.98,-2.99,,,,
6741.T,日本信号,Prime,電気機器,2026-08-06,1890.0,1829.0,-3.23,-1.64,-4.44,-3.7,,,,
7942.T,ＪＳＰ,Prime,化学,2026-08-06,2962.0,3015.0,1.79,4.15,5.0,0.51,,,,
7550.T,ゼンショーホールディングス,Prime,小売業,2026-08-10,11595.0,11525.0,-0.6,0.91,0.78,1.21,,,,
8935.T,ＦＪネクストホールディングス,Prime,不動産業,2026-08-10,1972.0,1924.0,-2.43,4.06,0.86,-0.35,,,,
4221.T,大倉工業,Prime,化学,2026-08-18,5770.0,5480.0,-5.03,-3.47,-1.21,-3.12,,,,
5976.T,高周波熱錬,Prime,金属製品,2026-08-18,1515.0,1441.0,-4.88,1.78,0.79,-2.05,,,,
5985.T,サンコール,Standard,金属製品,2026-08-18,2434.0,2877.0,18.2,-1.4,-14.79,-12.37,,,,
9310.T,日本トランスシティ,Prime,倉庫・運輸関連業,2026-08-18,1459.0,1362.0,-6.65,-6.37,-0.69,-3.84,,,,
8789.T,フィンテック　グローバル,Standard,その他金融業,2026-08-19,167.0,156.0,-6.59,4.79,-2.99,-3.59,,,,
558A.T,ＳＱＵＥＥＺＥ,Growth,サービス業,2026-08-27,5960.0,5940.0,-0.34,-9.56,-3.36,7.55,,,,
8237.T,松屋,Prime,小売業,2026-08-27,3035.0,2170.0,-28.5,-28.9,-25.24,-25.73,,,,
8919.T,カチタス,Prime,不動産業,2026-08-27,3855.0,3450.0,-10.51,-5.58,-10.64,-9.47,,,,
9722.T,藤田観光,Prime,サービス業,2026-08-27,2880.0,3090.0,7.29,-0.87,-4.9,0.45,,,,
9888.T,ＵＥＸ,Standard,卸売業,2026-08-31,1321.0,1187.0,-10.14,-2.42,-6.89,-7.57,,,,
6862.T,ミナトホールディングス,Standard,電気機器,2026-09-07,4630.0,5240.0,13.17,-11.02,20.73,,,,,
7774.T,ジャパン・ティッシュエンジニアリング,Growth,精密機器,2026-09-07,902.0,824.0,-8.65,-12.42,-4.88,,,,,
6027.T,弁護士ドットコム,Prime,サービス業,2026-09-14,5840.0,5100.0,-12.67,-9.25,-11.3,,,,,
8131.T,ミツウロコグループホールディングス,Standard,卸売業,2026-09-14,2589.0,2419.0,-6.57,-4.44,-5.14,,,,,
7811.T,中本パックス,Standard,その他製品,2026-09-15,2204.0,2263.0,2.68,5.67,1.63,,,,,
